"CÔNG TY TNHH ASIANA GOLD","","","",""
"","","","",""
"DANH MỤC NGUYÊN VẬT LIỆU","","","",""
"","","","",""
"Mã hàng","Tên hàng","Tuổi vàng (K)","Tuổi","MÃ NHÓM NL"
"I. NGUYÊN LIỆU VÀNG","","","",""
"A. THÀNH PHẨM","","","",""
"CW30CU-610","Dây khoen lật 0.30,610W","15K","61.00%","TP15K"
"CY30FS-610","Dây Franco vuông 0.30,610Y","15K","61.00%","TP15K"
"BBW3.0/4.0/6.0-750","Lắc bi 3.0/4.0/6.0,750W","18K","75.00%","TP18K"
"BBW3.0-750","Lắc bi 3.0,750W","18K","75.00%","TP18K"
"CBY3.0-750","Dây bi 3.0,750Y","18K","75.00%","TP18K"
"CBW3.0-750","Dây bi 3.0,750W","18K","75.00%","TP18K"
"CBY6.0-750","Dây bi 6.0,750Y","18K","75.00%","TP18K"
"CY50HE-610","Dây mì dẹp 0.50,610Y","15K","61.00%","TP15K"
"CY50HT1-610","Dây mì dẹp xoắn 0.50,610Y","15K","61.00%","TP15K"
"CW45CA1-750","Dây chữ cong 0.45,750W","18K","75.00%","TP18K"
"CY30FS-680","Dây Franco vuông 0.30,680Y","16K","68.00%","TP16K"
"CY70FS-680","Dây Franco vuông 0.70,680Y","16K","68.00%","TP16K"
"CW40CU-610","Dây khoen lật 0.40,610W","15K","61.00%","TP15K"
"CW30FS-610","Dây Franco vuông 0.30,610W","15K","61.00%","TP15K"
"CY35FS-680","Dây Franco vuông 0.35,680Y","16K","68.00%","TP16K"
"CY60FS-680","Dây Franco vuông 0.60,680Y","16K","68.00%","TP16K"
"BBW4.0-750","Lắc bi 4.0,750W","18K","75.00%","TP18K"
"CY30FS-750","Dây Franco vuông 0.30,750Y","18K","75.00%","TP18K"
"CY45FS-750","Dây Franco vuông 0.45,750Y","18K","75.00%","TP18K"
"CY40FS-680","Dây Franco vuông 0.40,680Y","16K","68.00%","TP16K"
"CW35FS-750","Dây Franco vuông 0.35,750W","18K","75.00%","TP18K"
"CY50FS-680","Dây Franco vuông 0.50,680Y","16K","68.00%","TP16K"
"CBY2.5/3.0-610","Dây bi 2.5/3.0,610Y","15K","61.00%","TP15K"
"CBY3.0-610","Dây bi 3.0,610Y","15K","61.00%","TP15K"
"BBY4.0-610","Lắc bi 4.0,610Y","15K","61.00%","TP15K"
"BBY4.0/6.0-610","Lắc bi 4.0/6.0,610Y","15K","61.00%","TP15K"
"BBY3.0/8.0-610","Lắc bi 3.0/8.0,610Y","15K","61.00%","TP15K"
"BBY2.5/4.0-610","Lắc bi 2.5/4.0,610Y","15K","61.00%","TP15K"
"BBY3.0/6.0-610","Lắc bi 3.0/6.0,610Y","15K","61.00%","TP15K"
"BBY2.5/6.0-610","Lắc bi 2.5/6.0,610Y","15K","61.00%","TP15K"
"BBY4.0-680","Lắc bi 4.0,680Y","16K","68.00%","TP16K"
"CBY4.0-680","Dây bi 4.0,680Y","16K","68.00%","TP16K"
"CBY4.0/6.0-680","Dây bi 4.0/6.0,680Y","16K","68.00%","TP16K"
"CBY3.0-680","Dây bi 3.0,680Y","16K","68.00%","TP16K"
"CY40CA4-750","Dây cong khế 0.4,750Y","18K","75.00%","TP18K"
"BBY3.0/8.0-680","Lắc bi 3.0/8.0,680Y","16K","68.00%","TP16K"
"CY60CU-680","Dây khoen lật 0.60,680Y","16K","68.00%","TP16K"
"BBY3.0-610","Lắc bi 3.0,610Y","15K","61.00%","TP15K"
"BBY4.0/6.0-680","Lắc bi 4.0/6.0,680Y","16K","68.00%","TP16K"
"CBW2.5/4.0-750","Dây bi 2.5/4.0,750W","18K","75.00%","TP18K"
"CW60FS-750","Dây Franco vuông 0.60,750W","18K","75.00%","TP18K"
"CW50FS-750","Dây Franco vuông 0.50,750W","18K","75.00%","TP18K"
"CW70FS-750","Dây Franco vuông 0.70,750W","18K","75.00%","TP18K"
"CW40FS-750","Dây Franco vuông 0.40,750W","18K","75.00%","TP18K"
"CY70CU-610","Dây khoen lật 0.70,610Y","15K","61.00%","TP15K"
"CW30FS-750","Dây Franco vuông 0.30,750W","18K","75.00%","TP18K"
"BBY2.5/4.0-750","Lắc bi 2.5/4.0,750Y","18K","75.00%","TP18K"
"BBY2.5-750","Lắc bi 2.5,750Y","18K","75.00%","TP18K"
"CY40FS-610","Dây Franco vuông 0.40,610Y","15K","61.00%","TP15K"
"CY60FS-610","Dây Franco vuông 0.60,610Y","15K","61.00%","TP15K"
"CY35CA1-610","Dây chữ cong 0.35,610Y","15K","61.00%","TP15K"
"CY40CA4-610","Dây cong khế 0.40,610Y","15K","61.00%","TP15K"
"CY35CU-610","Dây khoen lật 0.35,610Y","15K","61.00%","TP15K"
"CY60CU-610","Dây khoen lật 0.60,610Y","15K","61.00%","TP15K"
"CY35FS-610","Dây Franco vuông 0.35,610Y","15K","61.00%","TP15K"
"CY50FS-610","Dây Franco vuông 0.50,610Y","15K","61.00%","TP15K"
"CY70FS-610","Dây Franco vuông 0.70,610Y","15K","61.00%","TP15K"
"CY50CU-610","Dây khoen lật 0.50,610Y","15K","61.00%","TP15K"
"GBY2.5/4.0-750","Vòng bi 2.5/4.0, 750Y","18K","75.00%","TP18K"
"GBY3.0-610","Vòng bi 3.0,610Y","15K","61.00%","TP15K"
"BBY2.5-610","Lắc bi 2.5,610Y","15K","61.00%","TP15K"
"CBY2.5-610","Dây bi 2.5,610Y","15K","61.00%","TP15K"
"GBY3.0-750","Vòng bi 3.0,750Y","18K","75.00%","TP18K"
"CY35CU-750","Dây khoen lật 0.35,750Y","18K","75.00%","TP18K"
"GBW3.0-750","Vòng bi 3.0,750W","18K","75.00%","TP18K"
"CY35CA4-610","Dây cong khế 0.35,610Y","15K","61.00%","TP15K"
"BBW2.5-750","Lắc bi 2.5,750W","18K","75.00%","TP18K"
"CY40CU-610","Dây khoen lật 0.40,610Y","15K","61.00%","TP15K"
"BBWY4.0/6.0-750","Lắc bi 4.0/6.0,750WY","18K","75.00%","TP18K"
"CW30HE-750","Dây mì dẹp 0.30,750W","18K","75.00%","TP18K"
"GBY3.0-680","Vòng bi 3.0,680Y","16K","68.00%","TP16K"
"BY70FS-680","LắcFranco vuông 0.70,680Y","16K","68.00%","TP16K"
"CBY5.0-680","Dây bi 5.0,680Y","16K","68.00%","TP16K"
"BY40FS-680","LắcFranco vuông 0.40,680Y","16K","68.00%","TP16K"
"BBY2.5/6.0-680","Lắc bi 2.5/6.0,680Y","16K","68.00%","TP16K"
"BBY2.5-680","Lắc bi 2.5,680Y","16K","68.00%","TP16K"
"CBY2.5-680","Dây bi 2.5,680Y","16K","68.00%","TP16K"
"BBY8.0-680","Lắc bi 8.0,680Y","16K","68.00%","TP16K"
"BBWY2.5/4.0-750","Lắc bi 2.5/4.0,750WY","18K","75.00%","TP18K"
"BBY2.5/4.0-680","Lắc bi 2.5/4.0,680Y","16K","68.00%","TP16K"
"CY60CA4-610","Dây cong khế 0.60,610Y","15K","61.00%","TP15K"
"CY50CA4-610","Dây cong khế 0.50,610Y","15K","61.00%","TP15K"
"CY50CA4-680","Dây cong khế 0.50,680Y","16K","68.00%","TP16K"
"CY60CA4-680","Dây cong khế 0.60,680Y","16K","68.00%","TP16K"
"GBY4.0-610","Vòng bi 4.0,610Y","15K","61.00%","TP15K"
"GBY4.0/6.0-610","Vòng bi 4.0/6.0,610Y","15K","61.00%","TP15K"
"CBY2.0-750","Dây bi 2.0,750Y","18K","75.00%","TP18K"
"CW30HT1-750","Dây mì dẹp xoắn 0.30, 750W","18K","75.00%","TP18K"
"CW35CA1-750","Dây chữ cong 0.35, 750W","18K","75.00%","TP18K"
"GBY4.0/6.0-680","Vòng bi 4.0/6.0, 680Y","16K","68.00%","TP16K"
"GBY4.0/6.0-750","Vòng bi 4.0/6.0, 750Y","18K","75.00%","TP18K"
"BY50FS-680","LắcFranco vuông 0.50,680Y","16K","68.00%","TP16K"
"BY60FS-680","LắcFranco vuông 0.60,680Y","16K","68.00%","TP16K"
"BBY5.0-680","Lắc bi 5.0,680Y","16K","68.00%","TP16K"
"CY30CA1-750","Dây chữ cong 0.30,750Y","18K","75.00%","TP18K"
"CW30CA1-750","Dây chữ cong 0.30,750W","18K","75.00%","TP18K"
"GBY6.0-680","Vòng bi 6.0,680Y","16K","68.00%","TP16K"
"GBY4.0-680","Vòng bi 4.0, 680Y","16K","68.00%","TP16K"
"GBY4.0-750","Vòng bi 4.0, 750Y","18K","75.00%","TP18K"
"CY50CU-680","Dây khoen lật 0.50,680Y","16K","68.00%","TP16K"
"BBY6.0-680","Lắc bi 6.0,680Y","16K","68.00%","TP16K"
"CY40HT1-680","Dây mì dẹp xoắn 0.40,680Y","16K","68.00%","TP16K"
"CY40CA4-680","Dây cong khế 0.40,680Y","16K","68.00%","TP16K"
"CY40CU-680","Dây khoen lật 0.40,680Y","16K","68.00%","TP16K"
"CY30HT1-680","Dây mì dẹp xoắn 0.30,680Y","16K","68.00%","TP16K"
"CW40CA1-750","Dây chữ cong 0.40,750W","18K","75.00%","TP18K"
"CW35CU-750","Dây khoen lật 0.35,750W","18K","75.00%","TP18K"
"CY50CA1-750","Dây chữ cong 0.50,750Y","18K","75.00%","TP18K"
"GBW4.0/6.0-750","Vòng bi 4.0/6.0,750W","18K","75.00%","TP18K"
"GBW4.0-750","Vòng bi 4.0,750W","18K","75.00%","TP18K"
"BBW4.0/6.0-750","Lắc bi 4.0/6.0,750W","18K","75.00%","TP18K"
"CR30CA1-750","Dây chữ cong 0.30,750R","18K","75.00%","TP18K"
"BBY3.0/5.0/8.0-680","Lắc bi 3.0/5.0/8.0,680Y","16K","68.00%","TP16K"
"CY70CA4-680","Dây cong khế 0.70,680Y","16K","68.00%","TP16K"
"CBW2.5-750","Dây bi 2.5,750W","18K","75.00%","TP18K"
"CW50CA4-750","Dây cong khế 0.50,750W","18K","75.00%","TP18K"
"CW60CA4-750","Dây cong khế 0.60,750W","18K","75.00%","TP18K"
"CY35CA4-680","Dây cong khế 0.35,680Y","16K","68.00%","TP16K"
"CY70CA4-610","Dây cong khế 0.70,610Y","15K","61.00%","TP15K"
"CBY2.5/4.0-680","Dây bi 2.5/4.0,680Y","16K","68.00%","TP16K"
"BW70FS-750","LắcFranco vuông 0.70,750W","18K","75.00%","TP18K"
"CY40CU-750","Dây khoen lật 0.40,750Y","18K","75.00%","TP18K"
"CR40CA4-750","Dây cong khế 0.40,750R","18K","75.00%","TP18K"
"CY50FR-610","Dây Franco tròn 0.50,610Y","15K","61.00%","TP15K"
"BBY2.5/3.0-750","Lắc bi 2.5/3.0,750Y","18K","75.00%","TP18K"
"BW40FS-750","Lắc Franco vuông 0.40,750W","18K","75.00%","TP18K"
"CW40CA4-750","Dây cong khế 0.40,750W","18K","75.00%","TP18K"
"CW30CA4-750","Dây cong khế 0.30,750W","18K","75.00%","TP18K"
"CBW4.0-750","Dây bi 4.0,750W","18K","75.00%","TP18K"
"BBW6.0-750","Lắc bi 6.0,750W","18K","75.00%","TP18K"
"GBW3.0-5-750","Vòng bi 3.0-5,750W","18K","75.00%","TP18K"
"GBW3.0-3-750","Vòng bi 3.0-3,750W","18K","75.00%","TP18K"
"GBW3.0-2-750","Vòng bi 3.0-2,750W","18K","75.00%","TP18K"
"CY40HE-610","Dây mì dẹp 0.40,610Y","15K","61.00%","TP15K"
"BY40FS-610","LắcFranco vuông 0.40,610Y","15K","61.00%","TP15K"
"CBW5.0-750","Dây bi 5.0,750W","18K","75.00%","TP18K"
"CY30SS-610","Dây mì vuông 0.30,610Y","15K","61.00%","TP15K"
"BBY3.0-680","Lắc bi 3.0,680Y","16K","68.00%","TP16K"
"BBY3.0/4.0-680","Lắc bi 3.0/4.0,680Y","16K","68.00%","TP16K"
"BBY3.0/4.0/5.0-680","Lắc bi 3.0/4.0/5.0,680Y","16K","68.00%","TP16K"
"CY50FS-750","Dây Franco vuông 0.50,750Y","18K","75.00%","TP18K"
"CBY4.0-610","Dây bi 4.0,610Y","15K","61.00%","TP15K"
"BBY6.0-610","Lắc bi 6.0,610Y","15K","61.00%","TP15K"
"BY35FS-680","LắcFranco vuông 0.35,680Y","16K","68.00%","TP16K"
"GBY4.0/6.0/8.0-680","Vòng bi 4.0/6.0/8.0,680Y","16K","68.00%","TP16K"
"BBY4.0/6.0/8.0-680","Lắc bi 4.0/6.0/8.0,680Y","16K","68.00%","TP16K"
"CW30SS-750","Dây mì vuông 0.30,750W","18K","75.00%","TP18K"
"BY70FS-610","LắcFranco vuông 0.70,610Y","15K","61.00%","TP15K"
"CBY6.0-610","Dây bi 6.0,610Y","15K","61.00%","TP15K"
"C50CU-24K","Dây khoen lật 0.50,24K","24K","99.99%","TP24K"
"BBW5.0-750","Lắc bi 5.0,750W","18K","75.00%","TP18K"
"BBW3.0/4.0/5.0-750","Lắc bi 3.0/4.0/5.0,750W","18K","75.00%","TP18K"
"BBY3.0/4.0/5.0/6.0-680","Lắc bi 3.0/4.0/5.0/6.0,680Y","16K","68.00%","TP16K"
"BBY3.0/5.0/6.0-680","Lắc bi 3.0/5.0/6.0,680Y","16K","68.00%","TP16K"
"BBY3.0/4.0/6.0-610","Lắc bi 3.0/4.0/6.0,610Y","15K","61.00%","TP15K"
"BBW3.0/8.0-750","Lắc bi 3.0/8.0,750W","18K","75.00%","TP18K"
"CR60CA1-708","Dây chữ cong 0.60,708R","17K","70.80%","TP17K"
"BBW2.5/6.0-750","Lắc bi 2.5/6.0,750W","18K","75.00%","TP18K"
"CW40CA4-416","Dây cong khế 0.40,416W","10K","41.60%","TP10K"
"CW30CA4-416","Dây cong khế 0.30,416W","10K","41.60%","TP10K"
"CW50CA4-416","Dây cong khế 0.50,416W","10K","41.60%","TP10K"
"CW70FS-416","Dây Franco vuông 0.70,416W","10K","41.60%","TP10K"
"CW60FS-416","Dây Franco vuông 0.60,416W","10K","41.60%","TP10K"
"BBWY2.0/3.5-750","Lắc bi 2.0/3.5,750WY","18K","75.00%","TP18K"
"BBY2.0/3.5-750","Lắc bi 2.0/3.5,750Y","18K","75.00%","TP18K"
"BBY2.5/4.0/6.0-750","Lắc bi 2.5/4.0/6.0,750Y","18K","75.00%","TP18K"
"CY30SS-680","Dây mì vuông 0.30,680Y","16K","68.00%","TP16K"
"CY60CU-750","Dây khoen lật 0.60,750Y","18K","75.00%","TP18K"
"GBY6.0-610","Vòng bi 6.0, 610Y","15K","61.00%","TP15K"
"GBY6.0-750","Vòng bi 6.0, 750Y","18K","75.00%","TP18K"
"CY30CA4-680","Dây cong khế 0.30,680Y","16K","68.00%","TP16K"
"BBY3.0/5.0-680","Lắc bi 3.0/5.0,680Y","16K","68.00%","TP16K"
"CBW2.0-750","Dây bi 2.0,750W","18K","75.00%","TP18K"
"CW35CA4-750","Dây cong khế 0.35,750W","18K","75.00%","TP18K"
"CBW3.0/5.0-750","Dây bi 3.0/5.0,750W","18K","75.00%","TP18K"
"BBW3.0/5.0-750","Lắc bi 3.0/5.0,750W","18K","75.00%","TP18K"
"CBW2.0/4.0-750","Dây bi 2.0/4.0,750W","18K","75.00%","TP18K"
"BY60FS-610","Lắc Franco vuông 0.60,610Y","15K","61.00%","TP15K"
"BY50FS-610","LắcFranco vuông 0.50,610Y","15K","61.00%","TP15K"
"BBY3.0/4.0-610","Lắc bi 3.0/4.0,610Y","15K","61.00%","TP15K"
"BY35FS-610","Lắc Franco vuông 0.35,610Y","15K","61.00%","TP15K"
"GBW6.0-750","Vòng bi 6.0,750W","18K","75.00%","TP18K"
"CY30SS-750","Dây mì vuông 0.30,750Y","18K","75.00%","TP18K"
"CY30HT1-610","Dây mì dẹp xoắn 0.30,610Y","15K","61.00%","TP15K"
"BBW8.0-750","Lắc bi 8.0,750W","18K","75.00%","TP18K"
"BBY3.0-750","Lắc bi 3.0,750Y","18K","75.00%","TP18K"
"BBW3.5-750","Lắc bi 3.5,750W","18K","75.00%","TP18K"
"BBW3.0/6.0-750","Lắc bi 3.0/6.0,750W","18K","75.00%","TP18K"
"BBW3.5/6.0-750","Lắc bi 3.5/6.0,750W","18K","75.00%","TP18K"
"CY40HT1-610","Dây mì dẹp xoắn 0.40,610Y","15K","61.00%","TP15K"
"CY60HT1-610","Dây mì dẹp xoắn 0.60,610Y","15K","61.00%","TP15K"
"CY30HT1-750","Dây mì dẹp xoắn 0.30,750Y","18K","75.00%","TP18K"
"CY30CA1-680","Dây chữ cong 0.30,680Y","16K","68.00%","TP16K"
"CY30CA1-610","Dây chữ cong 0.30,610Y","15K","61.00%","TP15K"
"BBW2.0/4.0-750","Lắc bi 2.0/4.0,750W","18K","75.00%","TP18K"
"CY60HE-750","Dây mì dẹp 0.60,750Y","18K","75.00%","TP18K"
"CW30CA1-610","Dây chữ cong 0.30,610W","15K","61.00%","TP15K"
"CW50CA1-610","Dây chữ cong 0.50,610W","15K","61.00%","TP15K"
"CW50CA1-750","Dây chữ cong 0.50,750W","18K","75.00%","TP18K"
"BBY5.0-750","Lắc bi 5.0,750Y","18K","75.00%","TP18K"
"BBY3.0/6.0/8.0-610","Lắc bi 3.0/6.0/8.0,610Y","15K","61.00%","TP15K"
"GBW4.0/5.0/6.0/8.0-750","Vòng bi 4.0/5.0/6.0/8.0,750W","18K","75.00%","TP18K"
"BBY3.0/4.0/6.0/8.0-680","Lắc bi 3.0/4.0/6.0/8.0,680Y","16K","68.00%","TP16K"
"BBY2.5/4.0/6.0-680","Lắc bi 2.5/4.0/6.0,680Y","16K","68.00%","TP16K"
"CW40CA4-610","Dây cong khế 0.40,610W","15K","61.00%","TP15K"
"BBY3.0/6.0/8.0-680","Lắc bi 3.0/6.0/8.0,680Y","16K","68.00%","TP16K"
"CW50CA4-610","Dây cong khế 0.50,610W","15K","61.00%","TP15K"
"CW60CA4-610","Dây cong khế 0.60,610W","15K","61.00%","TP15K"
"GBW3.0/4.0/6.0-750","Vòng bi 3.0/4.0/6.0,750W","18K","75.00%","TP18K"
"GBW2.0/4.0-416","Vòng bi 2.0/4.0,416W","10K","41.60%","TP10K"
"GBW2.5/5.0-416","Vòng bi 2.5/5.0,416W","10K","41.60%","TP10K"
"BBY4.0/6.0/8.0-610","Lắc bi 4.0/6.0/8.0,610Y","15K","61.00%","TP15K"
"BBW3.0-416","Lắc bi 3.0,416W","10K","41.60%","TP10K"
"BW35FS-416","Lắc Franco vuông 0.35,610Y","10K","41.60%","TP10K"
"CW35HT1-416","Dây mì dẹp xoắn 0.35,416W","10K","41.60%","TP10K"
"CW30HT1-416","Dây mì dẹp xoắn 0.30, 416W","10K","41.60%","TP10K"
"CW30FS-416","Dây Franco vuông 0.30,416W","10K","41.60%","TP10K"
"CW35FS-416","Dây Franco vuông 0.30,416W","10K","41.60%","TP10K"
"CW30SS-416","Dây mì vuông 0.30,416W","10K","41.60%","TP10K"
"CBW2.5/5.0-416","Dây bi 2.5/5.0,416W","10K","41.60%","TP10K"
"CBW2.0/4.0-416","Dây bi 2.0/4.0,416W","10K","41.60%","TP10K"
"BBY8.0-750","Lắc bi 8.0, 750Y","18K","75.00%","TP18K"
"CBY8.0-750","Dây bi 8.0, 750Y","18K","75.00%","TP18K"
"BBY2.5/3.0/4.0-750","Lắc bi 2.5/3.0/4.0-750","18K","75.00%","TP18K"
"BBY2.0/3.0-750","Lắc bi 2.0/3.0,750Y","18K","75.00%","TP18K"
"BBY3.0/6.0/8.0-750","Lắc bi 3.0/6.0/8.0,750Y","18K","75.00%","TP18K"
"CY60FS-750","Dây Franco vuông 0.60,750Y","18K","75.00%","TP18K"
"CY70CU-750","Dây khoen lật 0.70,750Y","18K","75.00%","TP18K"
"B. BÁN THÀNH PHẨM DÂY","","","",""
"DDC25750Y","Dây chữ cong 0.25,750Y","18K","75.00%","BTPDAY18K"
"DDC30750Y","Dây chữ cong 0.30,750Y","18K","75.00%","BTPDAY18K"
"DDC35750Y","Dây chữ cong 0.35,750Y","18K","75.00%","BTPDAY18K"
"DDC40750Y","Dây chữ cong 0.40,750Y","18K","75.00%","BTPDAY18K"
"DDC50750Y","Dây chữ cong 0.50,750Y","18K","75.00%","BTPDAY18K"
"DDC60750Y","Dây chữ cong 0.60,750Y","18K","75.00%","BTPDAY18K"
"DDL30750Y","Dây khoen lật 0.30,750Y","18K","75.00%","BTPDAY18K"
"DDL35750Y","Dây khoen lật 0.35,750Y","18K","75.00%","BTPDAY18K"
"DDL40750Y","Dây khoen lật 0.40,750Y","18K","75.00%","BTPDAY18K"
"DDL45750Y","Dây khoen lật 0.45,750Y","18K","75.00%","BTPDAY18K"
"DDL50750Y","Dây khoen lật 0.50,750Y","18K","75.00%","BTPDAY18K"
"DDL60750Y","Dây khoen lật 0.60,750Y","18K","75.00%","BTPDAY18K"
"DDL70750Y","Dây khoen lật 0.70,750Y","18K","75.00%","BTPDAY18K"
"DDFV30750Y","Dây Franco vuông 0.30,750Y","18K","75.00%","BTPDAY18K"
"DDFV40750Y","Dây Franco vuông 0.40,750Y","18K","75.00%","BTPDAY18K"
"DDFV45750Y","Dây Franco vuông 0.45,750Y","18K","75.00%","BTPDAY18K"
"DDFV50750Y","Dây Franco vuông 0.50,750Y","18K","75.00%","BTPDAY18K"
"DDFV60750Y","Dây Franco vuông 0.60,750Y","18K","75.00%","BTPDAY18K"
"DDMV30750Y","Dây mì vuông 0.30,750Y","18K","75.00%","BTPDAY18K"
"DDMX130750Y","Dây mì dẹp xoắn 0.30,750Y","18K","75.00%","BTPDAY18K"
"DDMD60750Y","Dây mì dẹp 0.60,750Y","18K","75.00%","BTPDAY18K"
"DDC25750W","Dây chữ cong 0.25,750W","18K","75.00%","BTPDAY18K"
"DDC30750W","Dây chữ cong 0.30,750W","18K","75.00%","BTPDAY18K"
"DDC35750W","Dây chữ cong 0.35,750W","18K","75.00%","BTPDAY18K"
"DDC40750W","Dây chữ cong 0.40,750W","18K","75.00%","BTPDAY18K"
"DDC45750W","Dây chữ cong 0.45,750W","18K","75.00%","BTPDAY18K"
"DDC50750W","Dây chữ cong 0.50,750W","18K","75.00%","BTPDAY18K"
"DDC60750W","Dây chữ cong 0.60,750W","18K","75.00%","BTPDAY18K"
"DDCK30750W","Dây cong khế 0.30,750W","18K","75.00%","BTPDAY18K"
"DDCK35750W","Dây cong khế 0.35,750W","18K","75.00%","BTPDAY18K"
"DDCK40750W","Dây cong khế 0.40,750W","18K","75.00%","BTPDAY18K"
"DDCK50750W","Dây cong khế 0.50,750W","18K","75.00%","BTPDAY18K"
"DDCK60750W","Dây cong khế 0.60,750W","18K","75.00%","BTPDAY18K"
"DDL30750W","Dây khoen lật 0.30,750W","18K","75.00%","BTPDAY18K"
"DDL35750W","Dây khoen lật 0.35,750W","18K","75.00%","BTPDAY18K"
"DDL40750W","Dây khoen lật 0.40,750W","18K","75.00%","BTPDAY18K"
"DDL50750W","Dây khoen lật 0.50,750W","18K","75.00%","BTPDAY18K"
"DDL60750W","Dây khoen lật 0.60,750W","18K","75.00%","BTPDAY18K"
"DDL70750W","Dây khoen lật 0.70,750W","18K","75.00%","BTPDAY18K"
"DDFV30750W","Dây Franco vuông 0.30,750W","18K","75.00%","BTPDAY18K"
"DDFV35750W","Dây Franco vuông 0.35,750W","18K","75.00%","BTPDAY18K"
"DDFV40750W","Dây Franco vuông 0.40,750W","18K","75.00%","BTPDAY18K"
"DDFV50750W","Dây Franco vuông 0.50,750W","18K","75.00%","BTPDAY18K"
"DDFV60750W","Dây Franco vuông 0.60,750W","18K","75.00%","BTPDAY18K"
"DDFV70750W","Dây Franco vuông 0.70,750W","18K","75.00%","BTPDAY18K"
"DDMX130750W","Dây mì dẹp xoắn 0.30,750W","18K","75.00%","BTPDAY18K"
"DDMV30750W","Dây mì vuông 0.30,750W","18K","75.00%","BTPDAY18K"
"DDMD30750W","Dây mì dẹp 0.30,750W","18K","75.00%","BTPDAY18K"
"DDC30750R","Dây chữ cong 0.30,750R","18K","75.00%","BTPDAY18K"
"DDC40750R","Dây chữ cong 0.40,750R","18K","75.00%","BTPDAY18K"
"DDCK40750R","Dây cong khế 0.40,750R","18K","75.00%","BTPDAY18K"
"DDCK45750R","Dây cong khế 0.45,750R","18K","75.00%","BTPDAY18K"
"DDC45750R","Dây chữ cong 0.45,750R","18K","75.00%","BTPDAY18K"
"DDC25680Y","Dây chữ cong 0.25,680Y","16K","68.00%","BTPDAY16K"
"DDC30680Y","Dây chữ cong 0.30,680Y","16K","68.00%","BTPDAY16K"
"DDC35680Y","Dây chữ cong 0.35,680Y","16K","68.00%","BTPDAY16K"
"DDC40680Y","Dây chữ cong 0.40,680Y","16K","68.00%","BTPDAY16K"
"DDC50680Y","Dây chữ cong 0.50,680Y","16K","68.00%","BTPDAY16K"
"DDC60680Y","Dây chữ cong 0.60,680Y","16K","68.00%","BTPDAY16K"
"DDC70680Y","Dây chữ cong 0.70,680Y","16K","68.00%","BTPDAY16K"
"DDCK30680Y","Dây cong khế 0.30,680Y","16K","68.00%","BTPDAY16K"
"DDCK35680Y","Dây cong khế 0.35,680Y","16K","68.00%","BTPDAY16K"
"DDCK40680Y","Dây cong khế 0.40,680Y","16K","68.00%","BTPDAY16K"
"DDCK50680Y","Dây cong khế 0.50,680Y","16K","68.00%","BTPDAY16K"
"DDCK60680Y","Dây cong khế 0.60,680Y","16K","68.00%","BTPDAY16K"
"DDCK70680Y","Dây cong khế 0.70,680Y","16K","68.00%","BTPDAY16K"
"DDL30680Y","Dây khoen lật 0.30,680Y","16K","68.00%","BTPDAY16K"
"DDL35680Y","Dây khoen lật 0.35,680Y","16K","68.00%","BTPDAY16K"
"DDL40680Y","Dây khoen lật 0.40,680Y","16K","68.00%","BTPDAY16K"
"DDL50680Y","Dây khoen lật 0.50,680Y","16K","68.00%","BTPDAY16K"
"DDL60680Y","Dây khoen lật 0.60,680Y","16K","68.00%","BTPDAY16K"
"DDL70680Y","Dây khoen lật 0.70,680Y","16K","68.00%","BTPDAY16K"
"DDFV30680Y","Dây Franco vuông 0.30,680Y","16K","68.00%","BTPDAY16K"
"DDFV35680Y","Dây Franco vuông 0.35,680Y","16K","68.00%","BTPDAY16K"
"DDFV40680Y","Dây Franco vuông 0.40,680Y","16K","68.00%","BTPDAY16K"
"DDFV50680Y","Dây Franco vuông 0.50,680Y","16K","68.00%","BTPDAY16K"
"DDFV60680Y","Dây Franco vuông 0.60,680Y","16K","68.00%","BTPDAY16K"
"DDFV70680Y","Dây Franco vuông 0.70,680Y","16K","68.00%","BTPDAY16K"
"DDMX130680Y","Dây mì dẹp xoắn 0.30,680Y","16K","68.00%","BTPDAY16K"
"DDMX140680Y","Dây mì dẹp xoắn 0.40,680Y","16K","68.00%","BTPDAY16K"
"DDMV30680Y","Dây mì vuông 0.30,680Y","16K","68.00%","BTPDAY16K"
"DDMV35680Y","Dây mì vuông 0.35,680Y","16K","68.00%","BTPDAY16K"
"DDC30610W","Dây chữ cong 0.30,610W","15K","61.00%","BTPDAY15K"
"DDC35610W","Dây chữ cong 0.35,610W","15K","61.00%","BTPDAY15K"
"DDC40610W","Dây chữ cong 0.40,610W","15K","61.00%","BTPDAY15K"
"DDC50610W","Dây chữ cong 0.50,610W","15K","61.00%","BTPDAY15K"
"DDL25610W","Dây khoen lật 0.25,610W","15K","61.00%","BTPDAY15K"
"DDCK30610W","Dây cong khế 0.30,610W","15K","61.00%","BTPDAY15K"
"DDCK40610W","Dây cong khế 0.40,610W","15K","61.00%","BTPDAY15K"
"DDCK50610W","Dây cong khế 0.50,610W","15K","61.00%","BTPDAY15K"
"DDCK60610W","Dây cong khế 0.60,610W","15K","61.00%","BTPDAY15K"
"DDC30610Y","Dây chữ cong 0.30,610Y","15K","61.00%","BTPDAY15K"
"DDMV30610Y","Dây mì vuông 0.30,610Y","15K","61.00%","BTPDAY15K"
"DDC35610Y","Dây chữ cong 0.35,610Y","15K","61.00%","BTPDAY15K"
"DDC40610Y","Dây chữ cong 0.40,610Y","15K","61.00%","BTPDAY15K"
"DDC50610Y","Dây chữ cong 0.50,610Y","15K","61.00%","BTPDAY15K"
"DDC60610Y","Dây chữ cong 0.60,610Y","15K","61.00%","BTPDAY15K"
"DDC70610Y","Dây chữ cong 0.70,610Y","15K","61.00%","BTPDAY15K"
"DDCK30610Y","Dây cong khế 0.30,610Y","15K","61.00%","BTPDAY15K"
"DDCK35610Y","Dây cong khế 0.35,610Y","15K","61.00%","BTPDAY15K"
"DDCK40610Y","Dây cong khế 0.40,610Y","15K","61.00%","BTPDAY15K"
"DDCK50610Y","Dây cong khế 0.50,610Y","15K","61.00%","BTPDAY15K"
"DDCK60610Y","Dây cong khế 0.60,610Y","15K","61.00%","BTPDAY15K"
"DDCK70610Y","Dây cong khế 0.70,610Y","15K","61.00%","BTPDAY15K"
"DDL30610Y","Dây khoen lật 0.30,610Y","15K","61.00%","BTPDAY15K"
"DDL35610Y","Dây khoen lật 0.35,610Y","15K","61.00%","BTPDAY15K"
"DDL35416W","Dây khoen lật 0.35,416W","10K","41.60%","BTPDAY10K"
"DDL40610Y","Dây khoen lật 0.40,610Y","15K","61.00%","BTPDAY15K"
"DDLD40610Y","Dây lật đôi 0.40,610Y","15K","61.00%","BTPDAY15K"
"DDL50610Y","Dây khoen lật 0.50,610Y","15K","61.00%","BTPDAY15K"
"DDL60610Y","Dây khoen lật 0.60,610Y","15K","61.00%","BTPDAY15K"
"DDL70610Y","Dây khoen lật 0.70,610Y","15K","61.00%","BTPDAY15K"
"DDFV30610Y","Dây Franco vuông 0.30,610Y","15K","61.00%","BTPDAY15K"
"DDFV35610Y","Dây Franco vuông 0.35,610Y","15K","61.00%","BTPDAY15K"
"DDFV40610Y","Dây Franco vuông 0.40,610Y","15K","61.00%","BTPDAY15K"
"DDFV50610Y","Dây Franco vuông 0.50,610Y","15K","61.00%","BTPDAY15K"
"DDFT50610Y","Dây Franco tròn 0.50,610Y","15K","61.00%","BTPDAY15K"
"DDFV60610Y","Dây Franco vuông 0.60,610Y","15K","61.00%","BTPDAY15K"
"DDFV70610Y","Dây Franco vuông 0.70,610Y","15K","61.00%","BTPDAY15K"
"DDMD40610Y","Dây mì dẹp 0.40,610Y","15K","61.00%","BTPDAY15K"
"DDMD50610Y","Dây mì dẹp 0.50,610Y","15K","61.00%","BTPDAY15K"
"DDMD60610Y","Dây mì dẹp 0.60,610Y","15K","61.00%","BTPDAY15K"
"DDMX130610Y","Dây mì dẹp xoắn 0.30,610Y","15K","61.00%","BTPDAY15K"
"DDMX140610Y","Dây mì dẹp xoắn 0.40,610Y","15K","61.00%","BTPDAY15K"
"DDMX150610Y","Dây mì dẹp xoắn 0.50,610Y","15K","61.00%","BTPDAY15K"
"DDMX160610Y","Dây mì dẹp xoắn 0.60,610Y","15K","61.00%","BTPDAY15K"
"DDMT40610Y","Dây mì tròn 0.40,610Y","15K","61.00%","BTPDAY15K"
"DDL5024K","Dây khoen lật 0.50,24K","24K","99.99%","BTPDAY24K"
"DDFV30416W","Dây Franco vuông 0.30,416W","10K","41.60%","BTPDAY10K"
"DDFV35416W","Dây Franco vuông 0.35,416W","10K","41.60%","BTPDAY10K"
"DDC25416W","Dây chữ cong 0.25,416W","10K","41.60%","BTPDAY10K"
"DDC30416W","Dây chữ cong 0.30,416W","10K","41.60%","BTPDAY10K"
"DDC40416W","Dây chữ cong 0.40,416W","10K","41.60%","BTPDAY10K"
"DDC50416W","Dây chữ cong 0.50,416W","10K","41.60%","BTPDAY10K"
"DDCK30416W","Dây cong khế 0.30,416W","10K","41.60%","BTPDAY10K"
"DDCK40416W","Dây cong khế 0.40,416W","10K","41.60%","BTPDAY10K"
"DDCK50416W","Dây cong khế 0.50,416W","10K","41.60%","BTPDAY10K"
"DDL30416W","Dây khoen lật 0.30,416W","10K","41.60%","BTPDAY10K"
"DDL3035416W","Dây khoen lật 0.30, 0.35, 416W","10K","41.60%","BTPDAY10K"
"DDL60416W","Dây khoen lật 0.60,416W","10K","41.60%","BTPDAY10K"
"DDL70416W","Dây khoen lật 0.70,416W","10K","41.60%","BTPDAY10K"
"DDFV60416W","Dây Franco vuông 0.60,416W","10K","41.60%","BTPDAY10K"
"DDFV70416W","Dây Franco vuông 0.70,416W","10K","41.60%","BTPDAY10K"
"DDMX130416W","Dây mì dẹp xoắn 0.30,416W","10K","41.60%","BTPDAY10K"
"DDMX135416W","Dây mì dẹp xoắn 0.35,416W","10K","41.60%","BTPDAY10K"
"DDMV30416W","Dây mì vuông 0.30,416W","10K","41.60%","BTPDAY10K"
"DDC60708R","Dây chữ cong 0.60,708R","17K","70.80%","BTPDAY17K"
"DDC8023K","Dây chữ cong 0.80,23K","23K","95.83%","BTPDAY23K"
"DDCK8023K","Dây cong khế 0.80,23K","23K","95.83%","BTPDAY23K"
"C. BÁN THÀNH PHẨM BI","","","",""
"BI20750Y","Bi 2.0 trơn,750Y","18K","75.00%","BTPBI18K"
"BI25750Y","Bi 2.5 trơn,750Y","18K","75.00%","BTPBI18K"
"BI30750Y","Bi 3.0 trơn,750Y","18K","75.00%","BTPBI18K"
"BI35750Y","Bi 3.5 trơn,750Y","18K","75.00%","BTPBI18K"
"BI40750Y","Bi 4.0 trơn,750Y","18K","75.00%","BTPBI18K"
"BI50750Y","Bi 5.0 trơn,750Y","18K","75.00%","BTPBI18K"
"BI60750Y","Bi 6.0 trơn,750Y","18K","75.00%","BTPBI18K"
"BI80750Y","Bi 8.0 trơn,750Y","18K","75.00%","BTPBI18K"
"BICR20750Y","Bi 2.0 caro,750Y","18K","75.00%","BTPBI18K"
"BIX20750Y","Bi 2.0 xoáy,750Y","18K","75.00%","BTPBI18K"
"BIX25750Y","Bi 2.5 xoáy,750Y","18K","75.00%","BTPBI18K"
"BICR25750Y","Bi 2.5 caro,750Y","18K","75.00%","BTPBI18K"
"BICC25750Y","Bi 2.5 chữ C,750Y","18K","75.00%","BTPBI18K"
"BIX30750Y","Bi 3.0 xoáy,750Y","18K","75.00%","BTPBI18K"
"BICR30750Y","Bi 3.0 caro,750Y","18K","75.00%","BTPBI18K"
"BILD30750Y","Bi 3.0 lồng đèn,750Y","18K","75.00%","BTPBI18K"
"BIS30750Y","Bi 3.0 chữ S,750Y","18K","75.00%","BTPBI18K"
"BICR35750Y","Bi 3.5 caro,750Y","18K","75.00%","BTPBI18K"
"BILD40750Y","Bi 4.0 lồng đèn,750Y","18K","75.00%","BTPBI18K"
"BIHC40750Y","Bi 4.0 hỏa châu,750Y","18K","75.00%","BTPBI18K"
"BIN40750Y","Bi 4.0 nơ,750Y","18K","75.00%","BTPBI18K"
"BISN40750Y","Bi 4.0 sọc ngang,750Y","18K","75.00%","BTPBI18K"
"BICR40750Y","Bi 4.0 caro,750Y","18K","75.00%","BTPBI18K"
"BICR50750Y","Bi 5.0 caro,750Y","18K","75.00%","BTPBI18K"
"BIX40750Y","Bi 4.0 xoáy,750Y","18K","75.00%","BTPBI18K"
"BIM50750Y","Bi 5.0 Chữ M,750Y","18K","75.00%","BTPBI18K"
"BIS50750Y","Bi 5.0 chữ S,750Y","18K","75.00%","BTPBI18K"
"BIM60750Y","Bi 6.0 Chữ M,750Y","18K","75.00%","BTPBI18K"
"BIX60750Y","Bi 6.0 xoáy,750Y","18K","75.00%","BTPBI18K"
"BICR60750Y","Bi 6.0 caro,750Y","18K","75.00%","BTPBI18K"
"BISN60750Y","Bi 6.0 sọc ngang,750Y","18K","75.00%","BTPBI18K"
"BICR80750Y","Bi 8.0 caro,750Y","18K","75.00%","BTPBI18K"
"BIX80750Y","Bi 8.0 xoáy,750Y","18K","75.00%","BTPBI18K"
"BISN80750Y","Bi 8.0 sọc ngang,750Y","18K","75.00%","BTPBI18K"
"BI20750W","Bi 2.0 trơn,750W","18K","75.00%","BTPBI18K"
"BI25750W","Bi 2.5 trơn,750W","18K","75.00%","BTPBI18K"
"BI30750W","Bi 3.0 trơn,750W","18K","75.00%","BTPBI18K"
"BI35750W","Bi 3.5 trơn,750W","18K","75.00%","BTPBI18K"
"BI40750W","Bi 4.0 trơn,750W","18K","75.00%","BTPBI18K"
"BI50750W","Bi 5.0 trơn,750W","18K","75.00%","BTPBI18K"
"BI60750W","Bi 6.0 trơn,750W","18K","75.00%","BTPBI18K"
"BICR20750W","Bi 2.0 caro,750W","18K","75.00%","BTPBI18K"
"BICR25750W","Bi 2.5 caro,750W","18K","75.00%","BTPBI18K"
"BIX20750W","Bi 2.0 xoáy,750W","18K","75.00%","BTPBI18K"
"BIX25750W","Bi 2.5 xoáy,750W","18K","75.00%","BTPBI18K"
"BICC25750W","Bi 2.5 chữ C,750W","18K","75.00%","BTPBI18K"
"BIS30750W","Bi 3.0 chữ S,750W","18K","75.00%","BTPBI18K"
"BIS50750W","Bi 5.0 chữ S,750W","18K","75.00%","BTPBI18K"
"BICR30750W","Bi 3.0 caro,750W","18K","75.00%","BTPBI18K"
"BIX30750W","Bi 3.0 xoáy,750W","18K","75.00%","BTPBI18K"
"BICC30750W","Bi 3.0 chữ C,750W","18K","75.00%","BTPBI18K"
"BILD30750W","Bi 3.0 lồng đèn,750W","18K","75.00%","BTPBI18K"
"BICR35750W","Bi 3.5 caro,750W","18K","75.00%","BTPBI18K"
"BIX40750W","Bi 4.0 xoáy,750W","18K","75.00%","BTPBI18K"
"BICR40750W","Bi 4.0 caro,750W","18K","75.00%","BTPBI18K"
"BICC40750W","Bi 4.0 chữ C,750W","18K","75.00%","BTPBI18K"
"BISN40750W","Bi 4.0 sọc ngang,750W","18K","75.00%","BTPBI18K"
"BILD40750W","Bi 4.0 lồng đèn,750W","18K","75.00%","BTPBI18K"
"BIS40750W","Bi 4.0 chữ S,750W","18K","75.00%","BTPBI18K"
"BIM50750W","Bi 5.0 Chữ M,750W","18K","75.00%","BTPBI18K"
"BICR50750W","Bi 5.0 caro,750W","18K","75.00%","BTPBI18K"
"BIX50750W","Bi 5.0 xoáy,750W","18K","75.00%","BTPBI18K"
"BIDH50750W","Bi 5.0 dưa hấu,750W","18K","75.00%","BTPBI18K"
"BIX60750W","Bi 6.0 xoáy,750W","18K","75.00%","BTPBI18K"
"BIS60750W","Bi 6.0 chữ S,750W","18K","75.00%","BTPBI18K"
"BICR60750W","Bi 6.0 caro,750W","18K","75.00%","BTPBI18K"
"BISN60750W","Bi 6.0 sọc ngang,750W","18K","75.00%","BTPBI18K"
"BI80750W","Bi 8.0 trơn,750W","18K","75.00%","BTPBI18K"
"BIDH80750W","Bi 8.0 dưa hấu,750W","18K","75.00%","BTPBI18K"
"BIS80750W","Bi 8.0 chữ S,750W","18K","75.00%","BTPBI18K"
"BI20750R","Bi 2.0 trơn,750R","18K","75.00%","BTPBI18K"
"BI30750R","Bi 3.0 trơn,750R","18K","75.00%","BTPBI18K"
"BI40750R","Bi 4.0 trơn,750R","18K","75.00%","BTPBI18K"
"BICR30750R","Bi 3.0 caro,750R","18K","75.00%","BTPBI18K"
"BI25680Y","Bi 2.5 trơn,680Y","16K","68.00%","BTPBI16K"
"BI30680Y","Bi 3.0 trơn,680Y","16K","68.00%","BTPBI16K"
"BI40680Y","Bi 4.0 trơn,680Y","16K","68.00%","BTPBI16K"
"BI50680Y","Bi 5.0 trơn,680Y","16K","68.00%","BTPBI16K"
"BI60680Y","Bi 6.0 trơn,680Y","16K","68.00%","BTPBI16K"
"BI80680Y","Bi 8.0 trơn,680Y","16K","68.00%","BTPBI16K"
"BICR25680Y","Bi 2.5 caro,680Y","16K","68.00%","BTPBI16K"
"BIX25680Y","Bi 2.5 xoáy,680Y","16K","68.00%","BTPBI16K"
"BIX30680Y","Bi 3.0 xoáy,680Y","16K","68.00%","BTPBI16K"
"BICR30680Y","Bi 3.0 caro,680Y","16K","68.00%","BTPBI16K"
"BILD30680Y","Bi 3.0 lồng đèn,680Y","16K","68.00%","BTPBI16K"
"BIS30680Y","Bi 3.0 chữ S,680Y","16K","68.00%","BTPBI16K"
"BICR40680Y","Bi 4.0 caro,680Y","16K","68.00%","BTPBI16K"
"BIX40680Y","Bi 4.0 xoáy,680Y","16K","68.00%","BTPBI16K"
"BIDH40680Y","Bi 4.0 dưa hấu,680Y","16K","68.00%","BTPBI16K"
"BIS40680Y","Bi 4.0 chữ S,680Y","16K","68.00%","BTPBI16K"
"BICR50680Y","Bi 5.0 caro,680Y","16K","68.00%","BTPBI16K"
"BIS50680Y","Bi 5.0 chữ S,680Y","16K","68.00%","BTPBI16K"
"BIX50680Y","Bi 5.0 xoáy,680Y","16K","68.00%","BTPBI16K"
"BIDH50680Y","Bi 5.0 dưa hấu,680Y","16K","68.00%","BTPBI16K"
"BICR60680Y","Bi 6.0 caro,680Y","16K","68.00%","BTPBI16K"
"BIDH60680Y","Bi 6.0 dưa hấu,680Y","16K","68.00%","BTPBI16K"
"BIS60680Y","Bi 6.0 chữ S,680Y","16K","68.00%","BTPBI16K"
"BISN60680Y","Bi 6.0 sọc ngang,680Y","16K","68.00%","BTPBI16K"
"BICR80680Y","Bi 8.0 caro,680Y","16K","68.00%","BTPBI16K"
"BIDH80680Y","Bi 8.0 dưa hấu,680Y","16K","68.00%","BTPBI16K"
"BI25610Y","Bi 2.5 trơn,610Y","15K","61.00%","BTPBI15K"
"BI30610Y","Bi 3.0 trơn,610Y","15K","61.00%","BTPBI15K"
"BI40610Y","Bi 4.0 trơn,610Y","15K","61.00%","BTPBI15K"
"BI60610Y","Bi 6.0 trơn,610Y","15K","61.00%","BTPBI15K"
"BI80610Y","Bi 8.0 trơn,610Y","15K","61.00%","BTPBI15K"
"BICR25610Y","Bi 2.5 caro,610Y","15K","61.00%","BTPBI15K"
"BIX25610Y","Bi 2.5 xoáy,610Y","15K","61.00%","BTPBI15K"
"BIX30610Y","Bi 3.0 xoáy,610Y","15K","61.00%","BTPBI15K"
"BICR30610Y","Bi 3.0 caro,610Y","15K","61.00%","BTPBI15K"
"BILD30610Y","Bi 3.0 lồng đèn,610Y","15K","61.00%","BTPBI15K"
"BICR40610Y","Bi 4.0 caro,610Y","15K","61.00%","BTPBI15K"
"BIX40610Y","Bi 4.0 xoáy,610Y","15K","61.00%","BTPBI15K"
"BIMT40610Y","Bi 4.0 mũi tên,610Y","15K","61.00%","BTPBI15K"
"BILD40610Y","Bi 4.0 lồng đèn,610Y","15K","61.00%","BTPBI15K"
"BISN40610Y","Bi 4.0 sọc ngang,610Y","15K","61.00%","BTPBI15K"
"BIS30610Y","Bi 3.0 chữ S,610Y","15K","61.00%","BTPBI15K"
"BIS40610Y","Bi 4.0 chữ S,610Y","15K","61.00%","BTPBI15K"
"BIS60610Y","Bi 6.0 chữ S,610Y","15K","61.00%","BTPBI15K"
"BIDH40610Y","Bi 4.0 dưa hấu,610Y","15K","61.00%","BTPBI15K"
"BICR60610Y","Bi 6.0 caro,610Y","15K","61.00%","BTPBI15K"
"BIX60610Y","Bi 6.0 xoáy,610Y","15K","61.00%","BTPBI15K"
"BISN60610Y","Bi 6.0 sọc ngang,610Y","15K","61.00%","BTPBI15K"
"BIDH60610Y","Bi 6.0 dưa hấu,610Y","15K","61.00%","BTPBI15K"
"BIDH80610Y","Bi 8.0 dưa hấu,610Y","15K","61.00%","BTPBI15K"
"BISN80610Y","Bi 8.0 sọc ngang,610Y","15K","61.00%","BTPBI15K"
"BICR80610Y","Bi 8.0 caro,610Y","15K","61.00%","BTPBI15K"
"BI20416W","Bi 2.0 trơn,416W","10K","41.60%","BTPBI10K"
"BICR20416W","Bi 2.0 caro,416W","10K","41.60%","BTPBI10K"
"BI25416W","Bi 2.5 trơn,416W","10K","41.60%","BTPBI10K"
"BICR25416W","Bi 2.5 caro,416W","10K","41.60%","BTPBI10K"
"BI30416W","Bi 3.0 trơn,416W","10K","41.60%","BTPBI10K"
"BIX30416W","Bi 3.0 xoáy,416W","10K","41.60%","BTPBI10K"
"BI40416W","Bi 4.0 trơn,416W","10K","41.60%","BTPBI10K"
"BIS40416W","Bi 4.0 chữ S,416W","10K","41.60%","BTPBI10K"
"BI45416W","Bi 4.5 trơn,416W","10K","41.60%","BTPBI10K"
"BI50416W","Bi 5.0 trơn,416W","10K","41.60%","BTPBI10K"
"BIS50416W","Bi 5.0 chữ S,416W","10K","41.60%","BTPBI10K"
"BI60416W","Bi 6.0 trơn,416W","10K","41.60%","BTPBI10K"
"BIS60416W","Bi 6.0 chữ S,416W","10K","41.60%","BTPBI10K"
"D. PHỤ KIỆN","","","",""
"PKKT750Y","Phụ kiện khóa tròn,750Y","18K","75.00%","PK18K"
"PKKGN750Y","Phụ kiện khóa giọt nước,750Y","18K","75.00%","PK18K"
"PKKCC750Y","Phụ kiện khóa càng cua,750Y","18K","75.00%","PK18K"
"PKCKH750Y","Phụ kiện chỉ làm khoen,750Y","18K","75.00%","PK18K"
"PKBK750Y","Phụ kiện bông khoen đầu,750Y","18K","75.00%","PK18K"
"PKBSD750Y","Phụ kiện bass dẹp,750Y","18K","75.00%","PK18K"
"PKCOK750Y","Phụ kiện cò khóa,750Y","18K","75.00%","PK18K"
"PKLL750Y","Phụ kiện lưỡi lam,750Y","18K","75.00%","PK18K"
"PKCKH750W","Phụ kiện chỉ làm khoen,750W","18K","75.00%","PK18K"
"PKBSD750W","Phụ kiện bass dẹp,750W","18K","75.00%","PK18K"
"PKBST750W","Phụ kiện Bas tròn,750W","18K","75.00%","PK18K"
"PKCOK750W","Phụ kiện cò khóa,750W","18K","75.00%","PK18K"
"PKKGN750W","Phụ kiện khóa giọt nước,750W","18K","75.00%","PK18K"
"PKLL750W","Phụ kiện lưỡi lam,750W","18K","75.00%","PK18K"
"PKKCC750W","Phụ kiện khóa càng cua,750W","18K","75.00%","PK18K"
"PKCHA750W","Phụ kiện Charm,750W","18K","75.00%","PK18K"
"PKTT750W","Phụ kiện tòn ten,750W","18K","75.00%","PK18K"
"PKCKH750R","Phụ kiện chỉ làm khoen,750R","18K","75.00%","PK18K"
"PKKGN750R","Phụ kiện khóa giọt nước,750R","18K","75.00%","PK18K"
"PKCHA750R","Phụ kiện Charm, 750R","18K","75.00%","PK18K"
"PKKGN680Y","Phụ kiện khóa giọt nước,680Y","16K","68.00%","PK16K"
"PKCOK680Y","Phụ kiện cò khóa,680Y","16K","68.00%","PK16K"
"PKBSD680Y","Phụ kiện bass dẹp,680Y","16K","68.00%","PK16K"
"PKLL680Y","Phụ kiện lưỡi lam,680Y","16K","68.00%","PK16K"
"PKCKH680Y","Phụ kiện chỉ làm khoen,680Y","16K","68.00%","PK16K"
"PKTT680Y","Phụ kiện tòn ten,680Y","16K","68.00%","PK16K"
"PKCHA680Y","Phụ kiện Charm,680Y","16K","68.00%","PK16K"
"PKBST680Y","Phụ kiện Bas tròn,680Y","16K","68.00%","PK16K"
"PKBSD610Y","Phụ kiện bass dẹp,610Y","15K","61.00%","PK15K"
"PKBST610Y","Phụ kiện Bas tròn,610Y","15K","61.00%","PK15K"
"PKCKH610Y","Phụ kiện chỉ làm khoen,610Y","15K","61.00%","PK15K"
"PKKT610Y","Phụ kiện khóa tròn,610Y","15K","61.00%","PK15K"
"PKKGN610Y","Phụ kiện khóa giọt nước,610Y","15K","61.00%","PK15K"
"PKKCC610Y","Phụ kiện khóa càng cua,610Y","15K","61.00%","PK15K"
"PKCOK610Y","Phụ kiện cò khóa,610Y","15K","61.00%","PK15K"
"PKLL610Y","Phụ kiện lưỡi lam,610Y","15K","61.00%","PK15K"
"PKTT610Y","Phụ kiện tòn ten,610Y","15K","61.00%","PK15K"
"PKCHA610Y","Phụ kiện Charm,610Y","15K","61.00%","PK15K"
"PKBSD610W","Phụ kiện bass dẹp,610W","15K","61.00%","PK15K"
"PKCKH610W","Phụ kiện chỉ làm khoen,610W","15K","61.00%","PK15K"
"PKKGN610W","Phụ kiện khóa giọt nước,610W","15K","61.00%","PK15K"
"PKCOK610W","Phụ kiện cò khóa,610W","15K","61.00%","PK15K"
"PKBSD24K","Phụ kiện bass dẹp,24K","24K","99.99%","PK24K"
"PKKGN416W","Phụ kiện khóa giọt nước,416W","10K","41.60%","PK10K"
"PKCOK416W","Phụ kiện cò khóa,416W","10K","41.60%","PK10K"
"PKBSD416W","Phụ kiện bass dẹp,416W","10K","41.60%","PK10K"
"PKLL416W","Phụ kiện lưỡi lam,416W","10K","41.60%","PK10K"
"PKCKH416W","Phụ kiện chỉ làm khoen,416W","10K","41.60%","PK10K"
"E. NGUYÊN LIỆU VÀNG","","","",""
"NL750Y","Nguyên liệu vàng 750 vàng","18K","75.00%","NL18K"
"NL750W","Nguyên liệu vàng 750 trắng","18K","75.00%","NL18K"
"NL750R","Nguyên liệu vàng 750 hồng","18K","75.00%","NL18K"
"NL680Y","Nguyên liệu vàng 680 vàng","16K","68.00%","NL16K"
"NL610Y","Nguyên liệu vàng 610 vàng","15K","61.00%","NL15K"
"NL610W","Nguyên liệu vàng 610 trắng","15K","61.00%","NL15K"
"NL416W","Nguyên liệu vàng 416 trắng","10K","41.60%","NL10K"
"NL708R","Nguyên liệu vàng 708 hồng","17K","70.80%","NL17K"
"NL50Y","Nguyên liệu vàng","50K","50.00%","NL50K"
"NL24K","Nguyên liệu vàng 24K","24K","99.99%","NL24K"
"NL23K","Nguyên liệu Vàng 23K","23K","95.83%","NL23K"
"NL99","NL99","99","99.00%","NL99"
"NL999","NL999","999","99.90%","NL999"
"NLVAYHAN750Y","Nguyên liệu Vảy hàn vàng 750 vàng","18K","75.00%","VAYHAN18K"
"NLVAYHAN680Y","Nguyên liệu Vảy hàn vàng 680 vàng","16K","68.00%","VAYHAN16K"
"NLVAYHAN610Y","Nguyên liệu Vảy hàn vàng 610 vàng","15K","61.00%","VAYHAN15K"
"NLVAYHAN610W","Nguyên liệu Vảy hàn vàng 610 trắng","15K","61.00%","VAYHAN15K"
"NLBOT750Y","Nguyên liệu Bột vàng 750 vàng","18K","75.00%","BOT18K"
"NLBOT750W","Nguyên liệu Bột vàng 750 trắng","18K","75.00%","BOT18K"
"NLBOT750R","Nguyên liệu Bột vàng 750 hồng","18K","75.00%","BOT18K"
"NLBOT680Y","Nguyên liệu Bột vàng 680 vàng","16K","68.00%","BOT16K"
"NLBOT610Y","Nguyên liệu Bột vàng 610 vàng","15K","61.00%","BOT15K"
"NLBOT610W","Nguyên liệu Bột vàng 610 trắng","15K","61.00%","BOT15K"
"NLBOT416W","Nguyên liệu Bột vàng 416 trắng","10K","41.60%","BOT10K"
"NLBOT24K","Nguyên liệu Bột vàng 24K","24K","99.99%","BOT24K"
"NLBOT23K","Nguyên liệu Bột Vàng 23K","23K","95.83%","BOT23K"
"NLBOT708R","Nguyên liệu Bột vàng 708 hồng","17K","70.80%","BOT17K"
"II. Hội","","","",""
"S530","Hội chế vẩy vàng vàng","S530","",""
"H330A","Hội chế vẩy hàn Bạc","H330A","",""
"HY88-3555","Hội chế vàng làm tay 75%","HY88-3555","",""
"DUCTRANG","Hội chế vàng trắng 75%","DUCTRANG","",""
"CW918","Hội chế vàng trắng 75%","CW918","",""
"CY1418","Hội chế vàng vàng 61%, 75%","CY1418","",""
"HH0589","Hội chế vàng vàng 61%-75%","HH0589","",""
"HH0327","Hội chế vàng trắng 75%","HH0327","",""
"HOICAY","Hội cây","HOICAY","",""
"HOICAYGOC","Hội cây gốc","HOICAYGOC","",""
"HH610Y","Hội chế vẩy hàn 610KV","HH610Y","",""
"HH3%B","Hỗn hợp 3% Bạc-18KH","HH3%B","",""
"HH20%AG","Hỗn hợp 20% Bạc","HH20%AG","",""
"HH20%AG.01","Hỗn hợp 20% Bạc.01-18KV","HH20%AG.01","",""
"HH25%AG","Hỗn hợp 25% Bạc","HH25%AG","",""
"H9570A","Hội chế vàng trắng , làm bi","H9570A","",""
"HW88-N21H","Hội chế vàng trắng , làm dây","HW88-N21H","",""
"HW88-N16H","Hội chế vàng trắng , làm dây","HW88-N16H","",""
"H534","Hội chế vàng hồng","H534","",""
"H-800","Hội chế vàng trắng","H-800","",""
"PD","Hội chế PT9999","PD","",""
"PD999","Hội chế PT9999","PD999","",""
"PD99","Hội chế PT9999","PD99","",""
"Zn","Kẽm","Zn","",""
"Cu","Đồng bi","Cu","",""
"HH40%AG","Hỗn hợp 40% Bạc","HH40%AG","",""
"HH70%AG","Hỗn hợp 70% Bạc","HH70%AG","",""
"HOI610W","Hội chế 610W","HOI610W","",""
"HHT22","Hội HT22","HHT22","",""
"S57NA","Hội chế bạc Nhiêu Tâm","S57NA","",""
"S925GT","Hội chế bạc IBC","S925GT","",""
"SG204","Hội chế bạc của Oroly","SG204","",""
"H22C","Hội chế bạc 22C của tiệm Tài","H22C","",""
"H52C","Hội chế bạc 52C của tiệm Tài","H52C","",""
"H1M","Hội chế bạc 1 màu","H1M","",""
"H2M","Hội chế bạc 2 màu","H2M","",""
"H449","Hội chế bạc của Otec","H449","",""
"LIENHUNG","Hội chế bạc của Liên Hưng","LIENHUNG","",""
"EKT60","Hội chế bạc của Đô Thị Vàng","EKT60","",""
"III. NGUYÊN VẬT LIỆU BẠC","","","",""
"BACNTO","Bạc 99.99 NTO","BACNTO","99.99%","BACNTO"
"BAC9999","Bạc9999","BAC9999","99.99%","NLBAC9999"
"BAC999","BAC999","BAC999","99.90%","NLBAC999"
"BACPK","Bạc phân kim","BACPK","","NLBACPK"
"BAC950","Bạc 950","BAC950","95.00%","NLBAC950"
"BAC92.5","Bạc 92.5","BAC92.5","92.50%","NLBAC92.5"
"NLBOTBAC92.5","Nguyên liệu bột Bạc 92.5","BAC92.5","92.50%","BOTBAC92.5"
"NLVAYHANBAC900","Nguyên liệu vày hàn bạc","BAC92.5","92.50%","VAYHANBAC92.5"
"BI80BAC92.5","Bi bạc 8.0","BAC92.5","92.50%","BTPBIBAC92.5"
"BI60BAC92.5","Bi bạc 6.0","BAC92.5","92.50%","BTPBIBAC92.5"
"BI50BAC92.5","Bi bạc 5.0","BAC92.5","92.50%","BTPBIBAC92.5"
"BI40BAC92.5","Bi bạc 4.0","BAC92.5","92.50%","BTPBIBAC92.5"
"BI30BAC92.5","Bi bạc 3.0","BAC92.5","92.50%","BTPBIBAC92.5"
"BIS30BAC92.5","Bi chữ S 3.0","BAC92.5","92.50%","BTPBIBAC92.5"
"BIX30BAC92.5","Bi xoáy 3.0","BAC92.5","92.50%","BTPBIBAC92.5"
"BIS40BAC92.5","Bi chữ S 4.0","BAC92.5","92.50%","BTPBIBAC92.5"
"BIS60BAC92.5","Bi chữ S 6.0","BAC92.5","92.50%","BTPBIBAC92.5"
"BI25BAC92.5","Bi bạc 2.5","BAC92.5","92.50%","BTPBIBAC92.5"
"BICR30BAC92.5","Bi caro 3.0","BAC92.5","92.50%","BTPBIBAC92.5"
"BICR60BAC92.5","Bi caro 6.0","BAC92.5","92.50%","BTPBIBAC92.5"
"BIS80BAC92.5","Bi 8.0 chữ S","BAC92.5","92.50%","BTPBIBAC92.5"
"PKKGNBAC92.5","Phụ kiện khóa giọt nước,BAC92.5","BAC92.5","92.50%","PKBAC92.5"
"PKLLBAC92.5","Phụ kiện lưỡi lam,BAC92.5","BAC92.5","92.50%","PKBAC92.5"
"PKCOKBAC92.5","Phụ kiện cò khóa,BAC92.5","BAC92.5","92.50%","PKBAC92.5"
"PKBSDBAC92.5","Phụ kiện bass dẹp,BAC92.5","BAC92.5","92.50%","PKBAC92.5"
"PKBSTBAC92.5","Phụ kiện bass tròn,BAC92.5","BAC92.5","92.50%","PKBAC92.5"
"PKCKHBAC92.5","Phụ kiện chỉ làm khoen,BAC92.5","BAC92.5","92.50%","PKBAC92.5"
"DDC30BAC92.5","Dây chữ cong 0.3,BAC92.5","BAC92.5","92.50%","BTPDAYBAC92.5"
"DDC40BAC92.5","Dây chữ cong 0.4,BAC92.5","BAC92.5","92.50%","BTPDAYBAC92.5"
"DDC50BAC92.5","Dây chữ cong 0.5,BAC92.5","BAC92.5","92.50%","BTPDAYBAC92.5"
"DDC60BAC92.5","Dây chữ cong 0.6,BAC92.5","BAC92.5","92.50%","BTPDAYBAC92.5"
"DDC70BAC92.5","Dây chữ cong 0.7,BAC92.5","BAC92.5","92.50%","BTPDAYBAC92.5"
"DDC80BAC92.5","Dây chữ cong 0.8,BAC92.5","BAC92.5","92.50%","BTPDAYBAC92.5"
"DDCK30BAC92.5","Dây cong khế 0.3,BAC92.5","BAC92.5","92.50%","BTPDAYBAC92.5"
"DDCK40BAC92.5","Dây cong khế 0.4,BAC92.5","BAC92.5","92.50%","BTPDAYBAC92.5"
"DDCK50BAC92.5","Dây cong khế 0.5,BAC92.5","BAC92.5","92.50%","BTPDAYBAC92.5"
"DDCK60BAC92.5","Dây cong khế 0.6,BAC92.5","BAC92.5","92.50%","BTPDAYBAC92.5"
"DDCK70BAC92.5","Dây cong khế 0.7,BAC92.5","BAC92.5","92.50%","BTPDAYBAC92.5"
"DDL30BAC92.5","Dây khoen lật 0.3,BAC92.5","BAC92.5","92.50%","BTPDAYBAC92.5"
"DDL35BAC92.5","Dây khoen lật 0.35,BAC92.5","BAC92.5","92.50%","BTPDAYBAC92.5"
"DDL40BAC92.5","Dây khoen lật 0.4,BAC92.5","BAC92.5","92.50%","BTPDAYBAC92.5"
"DDL50BAC92.5","Dây khoen lật 0.5,BAC92.5","BAC92.5","92.50%","BTPDAYBAC92.5"
"DDL60BAC92.5","Dây khoen lật 0.6,BAC92.5","BAC92.5","92.50%","BTPDAYBAC92.5"
"DDL70BAC92.5","Dây khoen lật 0.7,BAC92.5","BAC92.5","92.50%","BTPDAYBAC92.5"
"DDL80BAC92.5","Dây khoen lật 0.8,BAC92.5","BAC92.5","92.50%","BTPDAYBAC92.5"
"DDLD60BAC92.5","Dây lật đôi 0.6,BAC92.5","BAC92.5","92.50%","BTPDAYBAC92.5"
"DDMT40BAC92.5","Dây mì tròn 0.4,BAC92.5","BAC92.5","92.50%","BTPDAYBAC92.5"
"","","","",""
"DDMX130BAC92.5","Dây mì dẹp xoắn 0.3,BAC92.5","BAC92.5","92.50%","BTPDAYBAC92.5"
"DDFV35BAC92.5","Dây Franco vuông 0.35,BAC92.5","BAC92.5","92.50%","BTPDAYBAC92.5"
"DDFV40BAC92.5","Dây Franco vuông 0.4,BAC92.5","BAC92.5","92.50%","BTPDAYBAC92.5"
"DDFV50BAC92.5","Dây Franco vuông 0.5,BAC92.5","BAC92.5","92.50%","BTPDAYBAC92.5"
"DDFV60BAC92.5","Dây Franco vuông 0.6,BAC92.5","BAC92.5","92.50%","BTPDAYBAC92.5"
"DDFV70BAC92.5","Dây Franco vuông 0.7,BAC92.5","BAC92.5","92.50%","BTPDAYBAC92.5"
"DDMD30BAC92.5","Dây mì dẹp 0.3,BAC92.5","BAC92.5","92.50%","BTPDAYBAC92.5"
"DDMD40BAC92.5","Dây mì dẹp 0.4,BAC92.5","BAC92.5","92.50%","BTPDAYBAC92.5"
"DDMD50BAC92.5","Dây mì dẹp 0.50,BAC92.5","BAC92.5","92.50%","BTPDAYBAC92.5"
"DDMX140BAC92.5","Dây mì dẹp xoắn 0.40,BAC92.5","BAC92.5","92.50%","BTPDAYBAC92.5"
"DDMV30BAC92.5","Dây mì vuông 0.3,BAC92.5","BAC92.5","92.50%","BTPDAYBAC92.5"
"CW30CA4-BAC92.5","Dây cong khế 0.3,BAC92.5W","BAC92.5","92.50%","TPBAC92.5"
"","","","",""
"CW50CA1-BAC92.5","Dây chữ cong 0.5,BAC92.5W","BAC92.5","92.50%","TPBAC92.5"
"CW60CA1-BAC92.5","Dây chữ cong 0.6,BAC92.5W","BAC92.5","92.50%","TPBAC92.5"
"CW80CA1-BAC92.5","Dây chữ cong 0.8,BAC92.5W","BAC92.5","92.50%","TPBAC92.5"
"CW70CA4-BAC92.5","Dây cong khế 0.7,BAC92.5W","BAC92.5","92.50%","TPBAC92.5"
"CW30HT1-BAC92.5","Dây mì dẹp xoắn 0.3,BAC92.5W","BAC92.5","92.50%","TPBAC92.5"
"CW30CA1-BAC92.5","Dây chữ cong 0.3,BAC92.5W","BAC92.5","92.50%","TPBAC92.5"
"CW70CU-BAC92.5","Dây khoen lật 0.7,BAC92.5W","BAC92.5","92.50%","TPBAC92.5"
"CW50CU-BAC92.5","Dây khoen lật 0.5,BAC92.5W","BAC92.5","92.50%","TPBAC92.5"
"CBW6.0-BAC92.5","Dây bi 6,BAC92.5W","BAC92.5","92.50%","TPBAC92.5"
"BBW6.0-BAC92.5","Lắc bi 6,BAC92.5W","BAC92.5","92.50%","TPBAC92.5"
"CW60CA4-BAC92.5","Dây cong khế 0.6,BAC92.5W","BAC92.5","92.50%","TPBAC92.5"
"CW40CA4-BAC92.5","Dây cong khế 0.4,BAC92.5W","BAC92.5","92.50%","TPBAC92.5"
"CW60CU-BAC92.5","Dây khoen lật 0.6,BAC92.5W","BAC92.5","92.50%","TPBAC92.5"
"CBW4.0-BAC92.5","Dây bi 4,BAC92.5W","BAC92.5","92.50%","TPBAC92.5"
"BBW4.0-BAC92.5","Lắc bi 4,BAC92.5W","BAC92.5","92.50%","TPBAC92.5"
"GBW6.0-BAC92.5","Vòng bi 6,BAC92.5W","BAC92.5","92.50%","TPBAC92.5"
"GBW4.0/6.0-BAC92.5","Vòng bi 4.0/6.0,BAC92.5W","BAC92.5","92.50%","TPBAC92.5"
"BBW3.0-BAC92.5","Lắc bi 3,BAC92.5W","BAC92.5","92.50%","TPBAC92.5"
"CBW3.0-BAC92.5","Dây bi 3,BAC92.5W","BAC92.5","92.50%","TPBAC92.5"
"BBW3.0/8.0-BAC92.5","Lắc bi 3.0/8.0,BAC92.5W","BAC92.5","92.50%","TPBAC92.5"
"GBW3.0-BAC92.5","Vòng bi 3,BAC92.5W","BAC92.5","92.50%","TPBAC92.5"
"CW30HE-B3-BAC92.5","Dây mì dẹp 0.3 bện 3,BAC92.5W","BAC92.5","92.50%","TPBAC92.5"
"CW30HE-B4-BAC92.5","Dây mì dẹp 0.3 bện 4,BAC92.5W","BAC92.5","92.50%","TPBAC92.5"
"CW30HE-B6-BAC92.5","Dây mì dẹp 0.3 bện 6,BAC92.5W","BAC92.5","92.50%","TPBAC92.5"
"CW50CA4-BAC92.5","Dây cong khế 0.5,BAC92.5W","BAC92.5","92.50%","TPBAC92.5"
"CW35FS-BAC92.5","Dây Franco vuông 0.35,BAC92.5W","BAC92.5","92.50%","TPBAC92.5"
"CW60FS-BAC92.5","Dây Franco vuông 0.6,BAC92.5W","BAC92.5","92.50%","TPBAC92.5"
"CW70FS-BAC92.5","Dây Franco vuông 0.7,BAC92.5W","BAC92.5","92.50%","TPBAC92.5"
"CW50FS-BAC92.5","Dây Franco vuông 0.5,BAC92.5W","BAC92.5","92.50%","TPBAC92.5"
"BW50FS-BAC92.5","LắcFranco vuông 0.5,BAC92.5W","BAC92.5","92.50%","TPBAC92.5"
"CW40FS-BAC92.5","Dây Franco vuông 0.4,BAC92.5W","BAC92.5","92.50%","TPBAC92.5"
"BW40FS-BAC92.5","LắcFranco vuông 0.4,BAC92.5W","BAC92.5","92.50%","TPBAC92.5"
"CW30SS-BAC92.5","Dây mì vuông 0.3,BAC92.5W","BAC92.5","92.50%","TPBAC92.5"
"CW40HE-BAC92.5","Dây mì dẹp 0.4,BAC92.5W","BAC92.5","92.50%","TPBAC92.5"
"CW60HE-BAC92.5","Dây mì dẹp 0.6,BAC92.5W","BAC92.5","92.50%","TPBAC92.5"
"III. NGUYÊN VẬT LIỆU PT","","","",""
"NLPT900","Nguyên liệu PT900","PT900-IR","90.00%","NLPT900"
"NL-PD-PT900","Nguyên liệu PT900-PD","PT900-PD","90.00%","NLPT900-PD"
"NLPT950","Nguyên liệu PT950","PT950-IR","95.00%","NLPT950"
"NL-PD-PT950","Nguyên liệu PT950-PD","PT950-PD","95.00%","NLPT950-PD"
"NLPT99","Nguyên liệu PT99","PT99","99.00%","NLPT99"
"NLPT999","Nguyên liệu PT999","PT999","99.90%","NLPT999"
"NLPT9999","Nguyên liệu PT9999","PT9999","99.99%","NLPT9999"
"NLPTPK","Nguyên liệu PT phân kim","PTPK","","NLPTPK"
"NLPD","Nguyên liệu Palladium","PD","","NLPD"
"PKKGNPT900","Khóa giọt nước PT900","PT900-IR","90.00%","PKPT900"
"PKKGN-PD-PT900","Khóa giọt nước PT900-PD","PT900-PD","90.00%","PKPT900-PD"
"PKKGNPT950","Khóa giọt nước PT950","PT950-IR","95.00%","PKPT950"
"PKKGN-PD-PT950","Khóa giọt nước PT950-PD","PT950-PD","95.00%","PKPT950-PD"
"PKCOKPT900","Cò khóa PT900","PT900-IR","90.00%","PKPT900"
"PKCOK-PD-PT900","Cò khóa PT900-PD","PT900-PD","90.00%","PKPT900-PD"
"PKCOKPT950","Cò khóa PT950","PT950-IR","95.00%","PKPT950"
"PKCOK-PD-PT950","Cò khóa PT950-PD","PT950-PD","95.00%","PKPT950-PD"
"PKLLPT900","Lưỡi lam PT900","PT900-IR","90.00%","PKPT900"
"PKLL-PD-PT900","Lưỡi lam PT900-PD","PT900-PD","90.00%","PKPT900-PD"
"PKLL-PD-PT950","Lưỡi lam PT950-PD","PT950-PD","95.00%","PKPT950-PD"
"PKBSDPT900","Bass dẹp PT900","PT900-IR","90.00%","PKPT900"
"PKBSD-PD-PT900","Bass dẹp PT900-PD","PT900-PD","90.00%","PKPT900-PD"
"PKCKHPT900","Chỉ khoen PT900","PT900-IR","90.00%","PKPT900"
"PKCKH-PD-PT900","Chỉ khoen PT900-PD","PT900-PD","90.00%","PKPT900-PD"
"PKCKHPT950","Chỉ khoen PT950","PT950-IR","95.00%","PKPT950"
"PKCKH-PD-PT950","Chỉ khoen PT950-PD","PT950-PD","95.00%","PKPT950-PD"
"CPT30FS-900","Dây Franco vuông 0.3,900PT","PT900-IR","90.00%","TPPT900"
"NLBOTPT900","Nguyên liệu Bột PT900","PT900-IR","90.00%","BOTPT900"
"NLBOT-PD-PT900","Nguyên liệu Bột PT900-PD","PT900-PD","90.00%","BOTPT900-PD"
"NLBOTPT950","Nguyên liệu PT950","PT950-IR","95.00%","BOTPT950"
"NLBOT-PD-PT950","Nguyên liệu PT950-PD","PT950-PD","95.00%","BOTPT950-PD"
"DDC40PT900","Dây chữ cong 0.40, PT900","PT900-IR","90.00%","BTPDAYPT900"
"DDC-PD-35PT900","Dây chữ cong 0.35, PT900-PD","PT900-PD","90.00%","BTPDAYPT900-PD"
"DDC-PD-40PT900","Dây chữ cong 0.40, PT900-PD","PT900-PD","90.00%","BTPDAYPT900-PD"
"DDC-PD-45PT900","Dây chữ cong 0.45, PT900-PD","PT900-PD","90.00%","BTPDAYPT900-PD"
"DDC-PD-60PT900","Dây chữ cong 0.60, PT900-PD","PT900-PD","90.00%","BTPDAYPT900-PD"
"DDC50PT950","Dây chữ cong 0.50, PT950","PT950-IR","95.00%","BTPDAYPT950"
"DDCK40PT900","Dây cong khế 0.40, PT900","PT900-IR","90.00%","BTPDAYPT900"
"DDCK-PD-35PT900","Dây cong khế 0.35, PT900-PD","PT900-PD","90.00%","BTPDAYPT900-PD"
"DDCK-PD-40PT900","Dây cong khế 0.40,PT900-PD","PT900-PD","90.00%","BTPDAYPT900-PD"
"DDCK-PD-45PT900","Dây cong khế 0.45,PT900-PD","PT900-PD","90.00%","BTPDAYPT900-PD"
"DDCK-PD-60PT900","Dây cong khế 0.60,PT900-PD","PT900-PD","90.00%","BTPDAYPT900-PD"
"DDCK50PT950","Dây cong khế 0.50, PT950","PT950-IR","95.00%","BTPDAYPT950"
"DDCK-PD-50PT950","Dây cong khế 0.50, PT950-PD","PT900-PD","95.00%","BTPDAYPT950-PD"
"DDL-PD-30PT900","Dây khoen lật 0.30, PT900-PD","PT900-PD","90.00%","BTPDAYPT900-PD"
"DDL-PD-40PT900","Dây khoen lật 0.40, PT900-PD","PT900-PD","90.00%","BTPDAYPT900-PD"
"DDL-PD-50PT900","Dây khoen lật 0.50, PT900-PD","PT900-PD","90.00%","BTPDAYPT900-PD"
"DDL-PD-60PT900","Dây khoen lật 0.60, PT900-PD","PT900-PD","90.00%","BTPDAYPT900-PD"
"DDL-PD-70PT900","Dây khoen lật 0.70, PT900-PD","PT900-PD","90.00%","BTPDAYPT900-PD"
"DDFV-PD-40PT900","Dây Franco vuông 0.40,PT900-PD","PT900-PD","90.00%","BTPDAYPT900-PD"
"DDFV-PD-45PT900","Dây Franco vuông 0.45,PT900-PD","PT900-PD","90.00%","BTPDAYPT900-PD"
"DDFV-PD-50PT900","Dây Franco vuông 0.50,PT900-PD","PT900-PD","90.00%","BTPDAYPT900-PD"
"C40CA4-PT900","Dây cong khế 0.40, PT900","PT900-IR","90.00%","TPPT900"
"C40CA4-PD-PT900","Dây cong khế 0.40, PT900-PD","PT900-PD","90.00%","TPPT900-PD"
"BW40FS-PD-PT900","Lắc Franco vuông 0.40, PT900-PD","PT900-PD","90.00%","TPPT900-PD"
"CW40FS-PD-PT900","Dây Franco vuông 0.40,PT900-PD","PT900-PD","90.00%","TPPT900-PD"
"CW50FS-PD-PT900","Dây Franco vuông 0.50,PT900-PD","PT900-PD","90.00%","TPPT900-PD"
"CW35CA4-PD--PT900","Dây cong khế 0.35, PT900-PD","PT900-PD","90.00%","TPPT900-PD"
"CW45CA4-PD--PT900","Dây cong khế 0.45, PT900-PD","PT900-PD","90.00%","TPPT900-PD"
"CW60CA4-PD--PT900","Dây cong khế 0.60, PT900-PD","PT900-PD","90.00%","TPPT900-PD"
"CW40CA4-PD--PT900","Dây cong khế 0.40, PT900-PD","PT900-PD","90.00%","TPPT900-PD"
"CW45FS-PD--PT900","Thành phẩm Dây Franco vuông 0.45,PT900-PD","PT900-PD","90.00%","TPPT900-PD"
"CW50FS-PD--PT900","Thành phẩm Dây Franco vuông 0.50,PT900-PD","PT900-PD","90.00%","TPPT900-PD"
"CW50CU-PD--PT900","Thành phẩm Dây khoen lật 0.50,PT900-PD","PT900-PD","90.00%","TPPT900-PD"
"CW70CU-PD--PT900","Thành phẩm Dây khoen lật 0.70,PT900-PD","PT900-PD","90.00%","TPPT900-PD"
"CW60CU-PD--PT900","Thành phẩm Dây khoen lật 0.60,PT900-PD","PT900-PD","90.00%","TPPT900-PD"
"CBW3.0CU-PD-PT900","Dây bi 3, PT900-PD","PT900-PD","90.00%","TPPT900-PD"
"CW50CA4-PD--PT950","Dây cong khế 0.50, PT950-PD","PT950-PD","95.00%","TPPT950-PD"
"CW50CA4-PD--PT970","Dây cong khế 0.50, PT970-PD","PT970-PD","97.00%","TPPT970-PD"
"III. NGUYÊN VẬT LIỆU THAU LÁ","","","",""
"THAULA","Nguyên liệu Thau lá","","",""
"III. NGUYÊN VẬT LIỆU ĐỒNG LÁ","","","",""
"DONGLA","Nguyên liệu Đồng lá","","",""
"","","","",""
"","","","",""
"","","","",""
"","","","",""
"","","","",""
"","","","",""
"","","","",""
"","","","",""
"","","","",""
"","","","",""
"","","","",""
"","","","",""
"","","","",""
"","","","",""
"","","","",""
"","","","",""
"","","","",""
"","","","",""
"","","","",""
"","","","",""
"","","","",""
"","","","",""
"","","","",""
"","","","",""
"","","","",""
"","","","",""
"","","","",""
"","","","",""
"","","","",""
"","","","",""
"","","","",""
"","","","",""
"","","","",""
"","","","",""
"","","","",""
"","","","",""
"","","","",""
"","","","",""
"","","","",""
"","","","",""
"","","","",""
"","","","",""
"","","","",""
"","","","",""
"","","","",""
"","","","",""
"","","","",""
"","","","",""
"","","","",""
"","","","",""
"","","","",""
"","","","",""
"","","","",""
"","","","",""
"","","","",""
"","","","",""
"","","","",""
"","","","",""
"","","","",""
"","","","",""
"","","","",""
"","","","",""
"","","","",""
"","","","",""
"","","","",""
"","","","",""
"","","","",""
"","","","",""
"","","","",""
"","","","",""
"","","","",""
"","","","",""
"","","","",""
"","","","",""
"","","","",""
"","","","",""
"","","","",""
"","","","",""
"","","","",""
"","","","",""
"","","","",""
"","","","",""
"","","","",""
"","","","",""
"","","","",""
"","","","",""
"","","","",""
"","","","",""
"","","","",""
"","","","",""
"","","","",""
"","","","",""
"","","","",""
"","","","",""
"","","","",""
"","","","",""
"","","","",""
"","","","",""
"","","","",""
"","","","",""
"","","","",""
"","","","",""
"","","","",""
"","","","",""
"","","","",""
"","","","",""
"","","","",""
"","","","",""
"","","","",""
"","","","",""
"","","","",""
"","","","",""
"","","","",""
"","","","",""
"","","","",""
"","","","",""
"","","","",""
"","","","",""
"","","","",""
"","","","",""
"","","","",""
"","","","",""
"","","","",""
"","","","",""
"","","","",""
"","","","",""
"","","","",""
"","","","",""
"","","","",""
"","","","",""
"","","","",""
"","","","",""
"","","","",""
"","","","",""
"","","","",""
"","","","",""
"","","","",""
"","","","",""
"","","","",""
"","","","",""
"","","","",""
"","","","",""
"","","","",""
"","","","",""
"","","","",""
"","","","",""
"","","","",""
"","","","",""
"","","","",""
"","","","",""
"","","","",""
"","","","",""
"","","","",""
"","","","",""
"","","","",""
"","","","",""
"","","","",""
"","","","",""
"","","","",""
"","","","",""
"","","","",""
"","","","",""
"","","","",""
"","","","",""
"","","","",""
"","","","",""
"","","","",""
"","","","",""
"","","","",""
"","","","",""
"","","","",""
"","","","",""
"","","","",""
"","","","",""
"","","","",""
"","","","",""
"","","","",""
"","","","",""
"","","","",""
"","","","",""
"","","","",""
"","","","",""
"","","","",""
"","","","",""
"","","","",""
"","","","",""
"","","","",""
"","","","",""
"","","","",""
"","","","",""
"","","","",""
"","","","",""
"","","","",""
"","","","",""
"","","","",""
"","","","",""
"","","","",""
"","","","",""
"","","","",""
"","","","",""
"","","","",""
"","","","",""
"","","","",""
"","","","",""
"","","","",""
"","","","",""
"","","","",""
"","","","",""
"","","","",""
"","","","",""
"","","","",""
"","","","",""
"","","","",""
"","","","",""
"","","","",""
"","","","",""
"","","","",""
"","","","",""
"","","","",""
"","","","",""
"","","","",""
"","","","",""
"","","","",""
"","","","",""
"","","","",""
"","","","",""
"","","","",""
"","","","",""
"","","","",""
"","","","",""
"","","","",""
"","","","",""
"","","","",""
"","","","",""
"","","","",""
"","","","",""
"","","","",""
"","","","",""
"","","","",""
"","","","",""
"","","","",""
"","","","",""
"","","","",""
"","","","",""
"","","","",""
"","","","",""
"","","","",""
"","","","",""
"","","","",""
"","","","",""
"","","","",""
"","","","",""
"","","","",""
"","","","",""
"","","","",""
"","","","",""
"","","","",""
"","","","",""
"","","","",""
"","","","",""
"","","","",""
"","","","",""
"","","","",""
"","","","",""
"","","","",""
"","","","",""
"","","","",""
"","","","",""
"","","","",""
"","","","",""
"","","","",""
"","","","",""
"","","","",""
"","","","",""
"","","","",""
"","","","",""
"","","","",""
"","","","",""
"","","","",""
"","","","",""
"","","","",""
"","","","",""
"","","","",""
"","","","",""
"","","","",""
"","","","",""
"","","","",""
"","","","",""
"","","","",""
"","","","",""
"","","","",""
"","","","",""
"","","","",""
"","","","",""
"","","","",""
"","","","",""
"","","","",""
"","","","",""
"","","","",""
"","","","",""
"","","","",""
"","","","",""
"","","","",""
"","","","",""
"","","","",""
"","","","",""
"","","","",""
"","","","",""
"","","","",""
"","","","",""
"","","","",""
"","","","",""
"","","","",""
"","","","",""
"","","","",""
"","","","",""
"","","","",""
"","","","",""
"","","","",""
"","","","",""
"","","","",""
"","","","",""
"","","","",""
"","","","",""
"","","","",""
"","","","",""
"","","","",""
"","","","",""
"","","","",""
"","","","",""
"","","","",""
"","","","",""
"","","","",""
"","","","",""
"","","","",""
"","","","",""
"","","","",""
"","","","",""
"","","","",""
"","","","",""
"","","","",""
"","","","",""
"","","","",""
"","","","",""
"","","","",""
"","","","",""
"","","","",""
"","","","",""
"","","","",""
"","","","",""
"","","","",""
"","","","",""
"","","","",""
"","","","",""
"","","","",""
"","","","",""
"","","","",""
"","","","",""
"","","","",""
"","","","",""
"","","","",""
"","","","",""
"","","","",""
"","","","",""
"","","","",""
"","","","",""
"","","","",""
"","","","",""
"","","","",""
"","","","",""
"","","","",""
"","","","",""
"","","","",""
"","","","",""
"","","","",""
"","","","",""
"","","","",""
"","","","",""
"","","","",""
"","","","",""
"","","","",""
"","","","",""
"","","","",""
"","","","",""
"","","","",""
"","","","",""
"","","","",""
"","","","",""
"","","","",""
"","","","",""
"","","","",""
"","","","",""
"","","","",""
"","","","",""
"","","","",""
"","","","",""
"","","","",""
"","","","",""
"","","","",""
"","","","",""
"","","","",""
"","","","",""
"","","","",""
"","","","",""
"","","","",""
"","","","",""
"","","","",""
"","","","",""
"","","","",""
"","","","",""
"","","","",""
"","","","",""
"","","","",""
"","","","",""
"","","","",""
"","","","",""
"","","","",""
"","","","",""
"","","","",""
"","","","",""
"","","","",""
"","","","",""
"","","","",""
"","","","",""
"","","","",""
"","","","",""
"","","","",""
"","","","",""
"","","","",""
"","","","",""
"","","","",""
"","","","",""
"","","","",""
"","","","",""
"","","","",""
"","","","",""
"","","","",""
"","","","",""
"","","","",""
"","","","",""
"","","","",""
"","","","",""
"","","","",""
"","","","",""
"","","","",""
"","","","",""
"","","","",""
"","","","",""
"","","","",""
"","","","",""
"","","","",""
"","","","",""
"","","","",""
"","","","",""
"","","","",""
"","","","",""
"","","","",""
"","","","",""
"","","","",""
"","","","",""
"","","","",""
"","","","",""
"","","","",""
"","","","",""
"","","","",""
"","","","",""
"","","","",""
"","","","",""
"","","","",""
"","","","",""
"","","","",""
"","","","",""
"","","","",""
"","","","",""
"","","","",""
"","","","",""
"","","","",""
"","","","",""
"","","","",""
"","","","",""
"","","","",""
"","","","",""
"","","","",""
"","","","",""
"","","","",""
"","","","",""
"","","","",""
"","","","",""
"","","","",""
"","","","",""
"","","","",""
"","","","",""
"","","","",""
"","","","",""
"","","","",""
"","","","",""
"","","","",""
"","","","",""
"","","","",""
"","","","",""
"","","","",""
"","","","",""
"","","","",""
"","","","",""
"","","","",""
"","","","",""
"","","","",""
"","","","",""
"","","","",""
"","","","",""
"","","","",""
"","","","",""
"","","","",""
"","","","",""
"","","","",""
"","","","",""
"","","","",""
"","","","",""
"","","","",""
"","","","",""
"","","","",""
"","","","",""
"","","","",""
"","","","",""
"","","","",""
"","","","",""
"","","","",""
"","","","",""
"","","","",""
"","","","",""
"","","","",""
"","","","",""
"","","","",""
"","","","",""
"","","","",""
"","","","",""
"","","","",""
"","","","",""
"","","","",""
"","","","",""
"","","","",""
"","","","",""
"","","","",""
"","","","",""
"","","","",""
"","","","",""
"","","","",""
"","","","",""
"","","","",""
"","","","",""
"","","","",""
"","","","",""
"","","","",""
"","","","","750W"
"","","","","750W"
"","","","",""
"","","","","750W"
"","","","",""
"","","","",""
"","","","","750W"
"","","","",""
"","","","",""
"","","","",""
"","","","",""
"","","","",""
"","","","",""
"","","","",""
"","","","",""
"","","","",""
"","","","",""
"","","","",""
"","","","",""
"","","","",""
"","","","",""
"","","","",""
"","","","",""
"","","","",""
"","","","",""
"","","","",""
"","","","",""
"","","","",""
"","","","",""
"","","","",""
"","","","",""
"","","","",""
"","","","",""
"","","","",""
"","","","",""
"","","","",""
"","","","",""
"","","","",""
"","","","",""
"","","","",""
"","","","",""
"","","","",""
"","","","",""
"","","","",""
"","","","",""
"","","","",""
"","","","",""
"","","","",""
"","","","",""
"","","","","610W"